Shift ID,Nurse ID,Date,Scheduled,Hours_Worked,,,,,,,,,,,,,,,,,,,,,,,,,,,,,,,,,,,,,,
S0001,N0001,1-Mar,TRUE,12,,,,,,,,,,,,,,,,,,,,,,,,,,,,,,,,,,,,,,
S0002,N0002,1-Mar,TRUE,12,,,,,,,,,,,,,,,,,,,,,,,,,,,,,,,,,,,,,,
S0003,N0003,1-Mar,TRUE,12,,,,,,,,,,,,,,,,,,,,,,,,,,,,,,,,,,,,,,
S0004,N0004,1-Mar,TRUE,12,,,,,,,,,,,,,,,,,,,,,,,,,,,,,,,,,,,,,,
S0005,N0005,1-Mar,TRUE,12,,,,,,,,,,,,,,,,,,,,,,,,,,,,,,,,,,,,,,
S0006,N0006,1-Mar,TRUE,8,,,,,,,,,,,,,,,,,,,,,,,,,,,,,,,,,,,,,,
S0007,N0007,1-Mar,TRUE,7.5,,,,,,,,,,,,,,,,,,,,,,,,,,,,,,,,,,,,,,
S0008,N0008,1-Mar,TRUE,4,,,,,,,,,,,,,,,,,,,,,,,,,,,,,,,,,,,,,,
S0009,N0009,1-Mar,TRUE,0,,,,,,,,,,,,,,,,,,,,,,,,,,,,,,,,,,,,,,
S0010,N0010,1-Mar,TRUE,0,,,,,,,,,,,,,,,,,,,,,,,,,,,,,,,,,,,,,,
S0011,N0011,1-Mar,FALSE,0,,,,,,,,,,,,,,,,,,,,,,,,,,,,,,,,,,,,,,
S0012,N0012,1-Mar,FALSE,0,,,,,,,,,,,,,,,,,,,,,,,,,,,,,,,,,,,,,,
S0013,N0013,1-Mar,FALSE,0,,,,,,,,,,,,,,,,,,,,,,,,,,,,,,,,,,,,,,
S0014,N0014,1-Mar,FALSE,0,,,,,,,,,,,,,,,,,,,,,,,,,,,,,,,,,,,,,,
S0015,N0015,1-Mar,FALSE,0,,,,,,,,,,,,,,,,,,,,,,,,,,,,,,,,,,,,,,
S0016,N0001,2-Mar,TRUE,12,,,,,,,,,,,,,,,,,,,,,,,,,,,,,,,,,,,,,,
S0017,N0002,2-Mar,TRUE,6,,,,,,,,,,,,,,,,,,,,,,,,,,,,,,,,,,,,,,
S0018,N0003,2-Mar,TRUE,6,,,,,,,,,,,,,,,,,,,,,,,,,,,,,,,,,,,,,,
S0019,N0004,2-Mar,TRUE,12,,,,,,,,,,,,,,,,,,,,,,,,,,,,,,,,,,,,,,
S0020,N0005,2-Mar,TRUE,4,,,,,,,,,,,,,,,,,,,,,,,,,,,,,,,,,,,,,,
S0021,N0006,2-Mar,FALSE,0,,,,,,,,,,,,,,,,,,,,,,,,,,,,,,,,,,,,,,
S0022,N0007,2-Mar,FALSE,0,,,,,,,,,,,,,,,,,,,,,,,,,,,,,,,,,,,,,,
S0023,N0008,2-Mar,FALSE,0,,,,,,,3470,,,,,,,,,,,,,,,,,,,,,,,,,,,,,,,
S0024,N0009,2-Mar,FALSE,0,,,,,,,188,,,,,,,,,,,,,,,,,,,,,,,,,,,,,,,
S0025,N0010,2-Mar,FALSE,0,,,,,,,,,,,,,,,,,,,,,,,,,,,,,,,,,,,,,,
S0026,N0011,2-Mar,TRUE,0,,,,,,,,,,,,,,,,,,,,,,,,,,,,,,,,,,,,,,
S0027,N0012,2-Mar,FALSE,0,,,,,,,,,,,,,,,,,,,,,,,,,,,,,,,,,,,,,,
S0028,N0013,2-Mar,FALSE,0,,,,,,,,,,,,,,,,,,,,,,,,,,,,,,,,,,,,,,
S0029,N0014,2-Mar,TRUE,0,,,,,,,,,,,,,,,,,,,,,,,,,,,,,,,,,,,,,,
S0030,N0015,2-Mar,TRUE,0,,,,,,,,,,,,,,,,,,,,,,,,,,,,,,,,,,,,,,
S0031,N0001,3-Mar,TRUE,0,,,,,,,,,,,,,,,,,,,,,,,,,,,,,,,,,,,,,,
S0032,N0002,3-Mar,TRUE,0,,,,,,,,,,,,,,,,,,,,,,,,,,,,,,,,,,,,,,
S0033,N0003,3-Mar,TRUE,12,,,,,,,,,,,,,,,,,,,,,,,,,,,,,,,,,,,,,,
S0034,N0004,3-Mar,FALSE,0,,,,,,,,,,,,,,,,,,,,,,,,,,,,,,,,,,,,,,
S0035,N0005,3-Mar,FALSE,0,,,,,,,,,,,,,,,,,,,,,,,,,,,,,,,,,,,,,,
S0036,N0006,3-Mar,FALSE,0,,,,,,,,,,,,,,,,,,,,,,,,,,,,,,,,,,,,,,
S0037,N0007,3-Mar,FALSE,0,,,,,,,,,,,,,,,,,,,,,,,,,,,,,,,,,,,,,,
S0038,N0008,3-Mar,FALSE,0,,,,,,,,,,,,,,,,,,,,,,,,,,,,,,,,,,,,,,
S0039,N0009,3-Mar,FALSE,0,,,,,,,,,,,,,,,,,,,,,,,,,,,,,,,,,,,,,,
S0040,N0010,3-Mar,TRUE,12,,,,,,,,,,,,,,,,,,,,,,,,,,,,,,,,,,,,,,
S0041,N0011,3-Mar,TRUE,12,,,,,,,,,,,,,,,,,,,,,,,,,,,,,,,,,,,,,,
S0042,N0012,3-Mar,TRUE,12,,,,,,,,,,,,,,,,,,,,,,,,,,,,,,,,,,,,,,
S0043,N0013,3-Mar,FALSE,0,,,,,,,,,,,,,,,,,,,,,,,,,,,,,,,,,,,,,,
S0044,N0014,3-Mar,FALSE,0,,,,,,,,,,,,,,,,,,,,,,,,,,,,,,,,,,,,,,
S0045,N0015,3-Mar,FALSE,0,,,,,,,,,,,,,,,,,,,,,,,,,,,,,,,,,,,,,,
S0046,N0001,4-Mar,FALSE,0,,,,,,,,,,,,,,,,,,,,,,,,,,,,,,,,,,,,,,
S0047,N0002,4-Mar,FALSE,0,,,,,,,,,,,,,,,,,,,,,,,,,,,,,,,,,,,,,,
S0048,N0003,4-Mar,FALSE,0,,,,,,,,,,,,,,,,,,,,,,,,,,,,,,,,,,,,,,
S0049,N0004,4-Mar,FALSE,0,,,,,,,,,,,,,,,,,,,,,,,,,,,,,,,,,,,,,,
S0050,N0005,4-Mar,FALSE,0,,,,,,,,,,,,,,,,,,,,,,,,,,,,,,,,,,,,,,
S0051,N0006,4-Mar,FALSE,0,,,,,,,,,,,,,,,,,,,,,,,,,,,,,,,,,,,,,,
S0052,N0007,4-Mar,FALSE,0,,,,,,,,,,,,,,,,,,,,,,,,,,,,,,,,,,,,,,
S0053,N0008,4-Mar,FALSE,0,,,,,,,,,,,,,,,,,,,,,,,,,,,,,,,,,,,,,,
S0054,N0009,4-Mar,FALSE,0,,,,,,,,,,,,,,,,,,,,,,,,,,,,,,,,,,,,,,
S0055,N0010,4-Mar,TRUE,12,,,,,,,,,,,,,,,,,,,,,,,,,,,,,,,,,,,,,,
S0056,N0011,4-Mar,TRUE,12,,,,,,,,,,,,,,,,,,,,,,,,,,,,,,,,,,,,,,
S0057,N0012,4-Mar,TRUE,0,,,,,,,,,,,,,,,,,,,,,,,,,,,,,,,,,,,,,,
S0058,N0013,4-Mar,TRUE,12,,,,,,,,,,,,,,,,,,,,,,,,,,,,,,,,,,,,,,
S0059,N0014,4-Mar,FALSE,0,,,,,,,,,,,,,,,,,,,,,,,,,,,,,,,,,,,,,,
S0060,N0015,4-Mar,TRUE,8,,,,,,,,,,,,,,,,,,,,,,,,,,,,,,,,,,,,,,
S0061,N0001,5-Mar,FALSE,0,,,,,,,,,,,,,,,,,,,,,,,,,,,,,,,,,,,,,,
S0062,N0002,5-Mar,FALSE,0,,,,,,,,,,,,,,,,,,,,,,,,,,,,,,,,,,,,,,
S0063,N0003,5-Mar,FALSE,0,,,,,,,,,,,,,,,,,,,,,,,,,,,,,,,,,,,,,,
S0064,N0004,5-Mar,TRUE,4,,,,,,,,,,,,,,,,,,,,,,,,,,,,,,,,,,,,,,
S0065,N0005,5-Mar,FALSE,0,,,,,,,,,,,,,,,,,,,,,,,,,,,,,,,,,,,,,,
S0066,N0006,5-Mar,TRUE,0,,,,,,,,,,,,,,,,,,,,,,,,,,,,,,,,,,,,,,
S0067,N0007,5-Mar,FALSE,0,,,,,,,,,,,,,,,,,,,,,,,,,,,,,,,,,,,,,,
S0068,N0008,5-Mar,TRUE,12,,,,,,,,,,,,,,,,,,,,,,,,,,,,,,,,,,,,,,
S0069,N0009,5-Mar,FALSE,0,,,,,,,,,,,,,,,,,,,,,,,,,,,,,,,,,,,,,,
S0070,N0010,5-Mar,TRUE,0,,,,,,,,,,,,,,,,,,,,,,,,,,,,,,,,,,,,,,
S0071,N0011,5-Mar,FALSE,0,,,,,,,,,,,,,,,,,,,,,,,,,,,,,,,,,,,,,,
S0072,N0012,5-Mar,FALSE,0,,,,,,,,,,,,,,,,,,,,,,,,,,,,,,,,,,,,,,
S0073,N0013,5-Mar,TRUE,6,,,,,,,,,,,,,,,,,,,,,,,,,,,,,,,,,,,,,,
S0074,N0014,5-Mar,FALSE,0,,,,,,,,,,,,,,,,,,,,,,,,,,,,,,,,,,,,,,
S0075,N0015,5-Mar,TRUE,12,,,,,,,,,,,,,,,,,,,,,,,,,,,,,,,,,,,,,,
S0076,N0001,6-Mar,FALSE,0,,,,,,,,,,,,,,,,,,,,,,,,,,,,,,,,,,,,,,
S0077,N0002,6-Mar,FALSE,0,,,,,,,,,,,,,,,,,,,,,,,,,,,,,,,,,,,,,,
S0078,N0003,6-Mar,FALSE,0,,,,,,,,,,,,,,,,,,,,,,,,,,,,,,,,,,,,,,
S0079,N0004,6-Mar,FALSE,0,,,,,,,,,,,,,,,,,,,,,,,,,,,,,,,,,,,,,,
S0080,N0005,6-Mar,FALSE,0,,,,,,,,,,,,,,,,,,,,,,,,,,,,,,,,,,,,,,
S0081,N0006,6-Mar,FALSE,0,,,,,,,,,,,,,,,,,,,,,,,,,,,,,,,,,,,,,,
S0082,N0007,6-Mar,FALSE,0,,,,,,,,,,,,,,,,,,,,,,,,,,,,,,,,,,,,,,
S0083,N0008,6-Mar,TRUE,12,,,,,,,,,,,,,,,,,,,,,,,,,,,,,,,,,,,,,,
S0084,N0009,6-Mar,FALSE,0,,,,,,,,,,,,,,,,,,,,,,,,,,,,,,,,,,,,,,
S0085,N0010,6-Mar,TRUE,12,,,,,,,,,,,,,,,,,,,,,,,,,,,,,,,,,,,,,,
S0086,N0011,6-Mar,TRUE,12,,,,,,,,,,,,,,,,,,,,,,,,,,,,,,,,,,,,,,
S0087,N0012,6-Mar,TRUE,7,,,,,,,,,,,,,,,,,,,,,,,,,,,,,,,,,,,,,,
S0088,N0013,6-Mar,TRUE,12,,,,,,,,,,,,,,,,,,,,,,,,,,,,,,,,,,,,,,
S0089,N0014,6-Mar,FALSE,0,,,,,,,,,,,,,,,,,,,,,,,,,,,,,,,,,,,,,,
S0090,N0015,6-Mar,TRUE,0,,,,,,,,,,,,,,,,,,,,,,,,,,,,,,,,,,,,,,
S0091,N0001,7-Mar,FALSE,0,,,,,,,,,,,,,,,,,,,,,,,,,,,,,,,,,,,,,,
S0092,N0002,7-Mar,FALSE,0,,,,,,,,,,,,,,,,,,,,,,,,,,,,,,,,,,,,,,
S0093,N0003,7-Mar,FALSE,0,,,,,,,,,,,,,,,,,,,,,,,,,,,,,,,,,,,,,,
S0094,N0004,7-Mar,FALSE,0,,,,,,,,,,,,,,,,,,,,,,,,,,,,,,,,,,,,,,
S0095,N0005,7-Mar,FALSE,0,,,,,,,,,,,,,,,,,,,,,,,,,,,,,,,,,,,,,,
S0096,N0006,7-Mar,TRUE,12,,,,,,,,,,,,,,,,,,,,,,,,,,,,,,,,,,,,,,
S0097,N0007,7-Mar,FALSE,0,,,,,,,,,,,,,,,,,,,,,,,,,,,,,,,,,,,,,,
S0098,N0008,7-Mar,FALSE,0,,,,,,,,,,,,,,,,,,,,,,,,,,,,,,,,,,,,,,
S0099,N0009,7-Mar,FALSE,0,,,,,,,,,,,,,,,,,,,,,,,,,,,,,,,,,,,,,,
S0100,N0010,7-Mar,TRUE,12,,,,,,,,,,,,,,,,,,,,,,,,,,,,,,,,,,,,,,
S0101,N0011,7-Mar,TRUE,12,,,,,,,,,,,,,,,,,,,,,,,,,,,,,,,,,,,,,,
S0102,N0012,7-Mar,TRUE,0,,,,,,,,,,,,,,,,,,,,,,,,,,,,,,,,,,,,,,
S0103,N0013,7-Mar,TRUE,0,,,,,,,,,,,,,,,,,,,,,,,,,,,,,,,,,,,,,,
S0104,N0014,7-Mar,FALSE,0,,,,,,,,,,,,,,,,,,,,,,,,,,,,,,,,,,,,,,
S0105,N0015,7-Mar,TRUE,12,,,,,,,,,,,,,,,,,,,,,,,,,,,,,,,,,,,,,,
S0106,N0001,8-Mar,TRUE,12,,,,,,,,,,,,,,,,,,,,,,,,,,,,,,,,,,,,,,
S0107,N0002,8-Mar,TRUE,12,,,,,,,,,,,,,,,,,,,,,,,,,,,,,,,,,,,,,,
S0108,N0003,8-Mar,TRUE,6,,,,,,,,,,,,,,,,,,,,,,,,,,,,,,,,,,,,,,
S0109,N0004,8-Mar,FALSE,0,,,,,,,,,,,,,,,,,,,,,,,,,,,,,,,,,,,,,,
S0110,N0005,8-Mar,FALSE,0,,,,,,,,,,,,,,,,,,,,,,,,,,,,,,,,,,,,,,
S0111,N0006,8-Mar,TRUE,12,,,,,,,,,,,,,,,,,,,,,,,,,,,,,,,,,,,,,,
S0112,N0007,8-Mar,FALSE,0,,,,,,,,,,,,,,,,,,,,,,,,,,,,,,,,,,,,,,
S0113,N0008,8-Mar,TRUE,0,,,,,,,,,,,,,,,,,,,,,,,,,,,,,,,,,,,,,,
S0114,N0009,8-Mar,FALSE,0,,,,,,,,,,,,,,,,,,,,,,,,,,,,,,,,,,,,,,
S0115,N0010,8-Mar,FALSE,0,,,,,,,,,,,,,,,,,,,,,,,,,,,,,,,,,,,,,,
S0116,N0011,8-Mar,FALSE,0,,,,,,,,,,,,,,,,,,,,,,,,,,,,,,,,,,,,,,
S0117,N0012,8-Mar,FALSE,0,,,,,,,,,,,,,,,,,,,,,,,,,,,,,,,,,,,,,,
S0118,N0013,8-Mar,TRUE,8,,,,,,,,,,,,,,,,,,,,,,,,,,,,,,,,,,,,,,
S0119,N0014,8-Mar,FALSE,0,,,,,,,,,,,,,,,,,,,,,,,,,,,,,,,,,,,,,,
S0120,N0015,8-Mar,FALSE,0,,,,,,,,,,,,,,,,,,,,,,,,,,,,,,,,,,,,,,
S0121,N0001,9-Mar,TRUE,0,,,,,,,,,,,,,,,,,,,,,,,,,,,,,,,,,,,,,,
S0122,N0002,9-Mar,TRUE,12,,,,,,,,,,,,,,,,,,,,,,,,,,,,,,,,,,,,,,
S0123,N0003,9-Mar,TRUE,12,,,,,,,,,,,,,,,,,,,,,,,,,,,,,,,,,,,,,,
S0124,N0004,9-Mar,FALSE,0,,,,,,,,,,,,,,,,,,,,,,,,,,,,,,,,,,,,,,
S0125,N0005,9-Mar,FALSE,0,,,,,,,,,,,,,,,,,,,,,,,,,,,,,,,,,,,,,,
S0126,N0006,9-Mar,TRUE,5,,,,,,,,,,,,,,,,,,,,,,,,,,,,,,,,,,,,,,
S0127,N0007,9-Mar,FALSE,0,,,,,,,,,,,,,,,,,,,,,,,,,,,,,,,,,,,,,,
S0128,N0008,9-Mar,FALSE,0,,,,,,,,,,,,,,,,,,,,,,,,,,,,,,,,,,,,,,
S0129,N0009,9-Mar,FALSE,0,,,,,,,,,,,,,,,,,,,,,,,,,,,,,,,,,,,,,,
S0130,N0010,9-Mar,FALSE,0,,,,,,,,,,,,,,,,,,,,,,,,,,,,,,,,,,,,,,
S0131,N0011,9-Mar,FALSE,0,,,,,,,,,,,,,,,,,,,,,,,,,,,,,,,,,,,,,,
S0132,N0012,9-Mar,TRUE,12,,,,,,,,,,,,,,,,,,,,,,,,,,,,,,,,,,,,,,
S0133,N0013,9-Mar,FALSE,0,,,,,,,,,,,,,,,,,,,,,,,,,,,,,,,,,,,,,,
S0134,N0014,9-Mar,FALSE,0,,,,,,,,,,,,,,,,,,,,,,,,,,,,,,,,,,,,,,
S0135,N0015,9-Mar,FALSE,0,,,,,,,,,,,,,,,,,,,,,,,,,,,,,,,,,,,,,,
S0136,N0001,10-Mar,TRUE,12,,,,,,,,,,,,,,,,,,,,,,,,,,,,,,,,,,,,,,
S0137,N0002,10-Mar,TRUE,8,,,,,,,,,,,,,,,,,,,,,,,,,,,,,,,,,,,,,,
S0138,N0003,10-Mar,FALSE,0,,,,,,,,,,,,,,,,,,,,,,,,,,,,,,,,,,,,,,
S0139,N0004,10-Mar,TRUE,6,,,,,,,,,,,,,,,,,,,,,,,,,,,,,,,,,,,,,,
S0140,N0005,10-Mar,FALSE,0,,,,,,,,,,,,,,,,,,,,,,,,,,,,,,,,,,,,,,
S0141,N0006,10-Mar,FALSE,0,,,,,,,,,,,,,,,,,,,,,,,,,,,,,,,,,,,,,,
S0142,N0007,10-Mar,FALSE,0,,,,,,,,,,,,,,,,,,,,,,,,,,,,,,,,,,,,,,
S0143,N0008,10-Mar,FALSE,0,,,,,,,,,,,,,,,,,,,,,,,,,,,,,,,,,,,,,,
S0144,N0009,10-Mar,FALSE,0,,,,,,,,,,,,,,,,,,,,,,,,,,,,,,,,,,,,,,
S0145,N0010,10-Mar,TRUE,12,,,,,,,,,,,,,,,,,,,,,,,,,,,,,,,,,,,,,,
S0146,N0011,10-Mar,FALSE,0,,,,,,,,,,,,,,,,,,,,,,,,,,,,,,,,,,,,,,
S0147,N0012,10-Mar,TRUE,12,,,,,,,,,,,,,,,,,,,,,,,,,,,,,,,,,,,,,,
S0148,N0013,10-Mar,TRUE,12,,,,,,,,,,,,,,,,,,,,,,,,,,,,,,,,,,,,,,
S0149,N0014,10-Mar,FALSE,0,,,,,,,,,,,,,,,,,,,,,,,,,,,,,,,,,,,,,,
S0150,N0015,10-Mar,FALSE,0,,,,,,,,,,,,,,,,,,,,,,,,,,,,,,,,,,,,,,
S0151,N0001,11-Mar,FALSE,0,,,,,,,,,,,,,,,,,,,,,,,,,,,,,,,,,,,,,,
S0152,N0002,11-Mar,FALSE,0,,,,,,,,,,,,,,,,,,,,,,,,,,,,,,,,,,,,,,
S0153,N0003,11-Mar,TRUE,12,,,,,,,,,,,,,,,,,,,,,,,,,,,,,,,,,,,,,,
S0154,N0004,11-Mar,FALSE,0,,,,,,,,,,,,,,,,,,,,,,,,,,,,,,,,,,,,,,
S0155,N0005,11-Mar,FALSE,0,,,,,,,,,,,,,,,,,,,,,,,,,,,,,,,,,,,,,,
S0156,N0006,11-Mar,FALSE,0,,,,,,,,,,,,,,,,,,,,,,,,,,,,,,,,,,,,,,
S0157,N0007,11-Mar,FALSE,0,,,,,,,,,,,,,,,,,,,,,,,,,,,,,,,,,,,,,,
S0158,N0008,11-Mar,FALSE,0,,,,,,,,,,,,,,,,,,,,,,,,,,,,,,,,,,,,,,
S0159,N0009,11-Mar,FALSE,0,,,,,,,,,,,,,,,,,,,,,,,,,,,,,,,,,,,,,,
S0160,N0010,11-Mar,TRUE,12,,,,,,,,,,,,,,,,,,,,,,,,,,,,,,,,,,,,,,
S0161,N0011,11-Mar,TRUE,12,,,,,,,,,,,,,,,,,,,,,,,,,,,,,,,,,,,,,,
S0162,N0012,11-Mar,TRUE,12,,,,,,,,,,,,,,,,,,,,,,,,,,,,,,,,,,,,,,
S0163,N0013,11-Mar,FALSE,0,,,,,,,,,,,,,,,,,,,,,,,,,,,,,,,,,,,,,,
S0164,N0014,11-Mar,FALSE,0,,,,,,,,,,,,,,,,,,,,,,,,,,,,,,,,,,,,,,
S0165,N0015,11-Mar,TRUE,12,,,,,,,,,,,,,,,,,,,,,,,,,,,,,,,,,,,,,,
S0166,N0001,12-Mar,FALSE,0,,,,,,,,,,,,,,,,,,,,,,,,,,,,,,,,,,,,,,
S0167,N0002,12-Mar,FALSE,0,,,,,,,,,,,,,,,,,,,,,,,,,,,,,,,,,,,,,,
S0168,N0003,12-Mar,FALSE,0,,,,,,,,,,,,,,,,,,,,,,,,,,,,,,,,,,,,,,
S0169,N0004,12-Mar,TRUE,12,,,,,,,,,,,,,,,,,,,,,,,,,,,,,,,,,,,,,,
S0170,N0005,12-Mar,FALSE,0,,,,,,,,,,,,,,,,,,,,,,,,,,,,,,,,,,,,,,
S0171,N0006,12-Mar,TRUE,0,,,,,,,,,,,,,,,,,,,,,,,,,,,,,,,,,,,,,,
S0172,N0007,12-Mar,FALSE,0,,,,,,,,,,,,,,,,,,,,,,,,,,,,,,,,,,,,,,
S0173,N0008,12-Mar,TRUE,12,,,,,,,,,,,,,,,,,,,,,,,,,,,,,,,,,,,,,,
S0174,N0009,12-Mar,FALSE,0,,,,,,,,,,,,,,,,,,,,,,,,,,,,,,,,,,,,,,
S0175,N0010,12-Mar,FALSE,0,,,,,,,,,,,,,,,,,,,,,,,,,,,,,,,,,,,,,,
S0176,N0011,12-Mar,FALSE,0,,,,,,,,,,,,,,,,,,,,,,,,,,,,,,,,,,,,,,
S0177,N0012,12-Mar,TRUE,8,,,,,,,,,,,,,,,,,,,,,,,,,,,,,,,,,,,,,,
S0178,N0013,12-Mar,FALSE,0,,,,,,,,,,,,,,,,,,,,,,,,,,,,,,,,,,,,,,
S0179,N0014,12-Mar,FALSE,0,,,,,,,,,,,,,,,,,,,,,,,,,,,,,,,,,,,,,,
S0180,N0015,12-Mar,TRUE,6,,,,,,,,,,,,,,,,,,,,,,,,,,,,,,,,,,,,,,
S0181,N0001,13-Mar,FALSE,0,,,,,,,,,,,,,,,,,,,,,,,,,,,,,,,,,,,,,,
S0182,N0002,13-Mar,FALSE,0,,,,,,,,,,,,,,,,,,,,,,,,,,,,,,,,,,,,,,
S0183,N0003,13-Mar,FALSE,0,,,,,,,,,,,,,,,,,,,,,,,,,,,,,,,,,,,,,,
S0184,N0004,13-Mar,TRUE,10,,,,,,,,,,,,,,,,,,,,,,,,,,,,,,,,,,,,,,
S0185,N0005,13-Mar,FALSE,0,,,,,,,,,,,,,,,,,,,,,,,,,,,,,,,,,,,,,,
S0186,N0006,13-Mar,FALSE,0,,,,,,,,,,,,,,,,,,,,,,,,,,,,,,,,,,,,,,
S0187,N0007,13-Mar,FALSE,0,,,,,,,,,,,,,,,,,,,,,,,,,,,,,,,,,,,,,,
S0188,N0008,13-Mar,TRUE,0,,,,,,,,,,,,,,,,,,,,,,,,,,,,,,,,,,,,,,
S0189,N0009,13-Mar,FALSE,0,,,,,,,,,,,,,,,,,,,,,,,,,,,,,,,,,,,,,,
S0190,N0010,13-Mar,FALSE,0,,,,,,,,,,,,,,,,,,,,,,,,,,,,,,,,,,,,,,
S0191,N0011,13-Mar,FALSE,0,,,,,,,,,,,,,,,,,,,,,,,,,,,,,,,,,,,,,,
S0192,N0012,13-Mar,TRUE,12,,,,,,,,,,,,,,,,,,,,,,,,,,,,,,,,,,,,,,
S0193,N0013,13-Mar,TRUE,12,,,,,,,,,,,,,,,,,,,,,,,,,,,,,,,,,,,,,,
S0194,N0014,13-Mar,FALSE,0,,,,,,,,,,,,,,,,,,,,,,,,,,,,,,,,,,,,,,
S0195,N0015,13-Mar,FALSE,0,,,,,,,,,,,,,,,,,,,,,,,,,,,,,,,,,,,,,,
S0196,N0001,14-Mar,FALSE,0,,,,,,,,,,,,,,,,,,,,,,,,,,,,,,,,,,,,,,
S0197,N0002,14-Mar,FALSE,0,,,,,,,,,,,,,,,,,,,,,,,,,,,,,,,,,,,,,,
S0198,N0003,14-Mar,FALSE,0,,,,,,,,,,,,,,,,,,,,,,,,,,,,,,,,,,,,,,
S0199,N0004,14-Mar,FALSE,0,,,,,,,,,,,,,,,,,,,,,,,,,,,,,,,,,,,,,,
S0200,N0005,14-Mar,FALSE,0,,,,,,,,,,,,,,,,,,,,,,,,,,,,,,,,,,,,,,
S0201,N0006,14-Mar,FALSE,0,,,,,,,,,,,,,,,,,,,,,,,,,,,,,,,,,,,,,,
S0202,N0007,14-Mar,FALSE,0,,,,,,,,,,,,,,,,,,,,,,,,,,,,,,,,,,,,,,
S0203,N0008,14-Mar,FALSE,0,,,,,,,,,,,,,,,,,,,,,,,,,,,,,,,,,,,,,,
S0204,N0009,14-Mar,FALSE,0,,,,,,,,,,,,,,,,,,,,,,,,,,,,,,,,,,,,,,
S0205,N0010,14-Mar,TRUE,12,,,,,,,,,,,,,,,,,,,,,,,,,,,,,,,,,,,,,,
S0206,N0011,14-Mar,TRUE,12,,,,,,,,,,,,,,,,,,,,,,,,,,,,,,,,,,,,,,
S0207,N0012,14-Mar,TRUE,0,,,,,,,,,,,,,,,,,,,,,,,,,,,,,,,,,,,,,,
S0208,N0013,14-Mar,TRUE,8,,,,,,,,,,,,,,,,,,,,,,,,,,,,,,,,,,,,,,
S0209,N0014,14-Mar,FALSE,0,,,,,,,,,,,,,,,,,,,,,,,,,,,,,,,,,,,,,,
S0210,N0015,14-Mar,FALSE,0,,,,,,,,,,,,,,,,,,,,,,,,,,,,,,,,,,,,,,
S0211,N0001,15-Mar,TRUE,12,,,,,,,,,,,,,,,,,,,,,,,,,,,,,,,,,,,,,,
S0212,N0002,15-Mar,TRUE,0,,,,,,,,,,,,,,,,,,,,,,,,,,,,,,,,,,,,,,
S0213,N0003,15-Mar,TRUE,12,,,,,,,,,,,,,,,,,,,,,,,,,,,,,,,,,,,,,,
S0214,N0004,15-Mar,TRUE,12,,,,,,,,,,,,,,,,,,,,,,,,,,,,,,,,,,,,,,
S0215,N0005,15-Mar,FALSE,0,,,,,,,,,,,,,,,,,,,,,,,,,,,,,,,,,,,,,,
S0216,N0006,15-Mar,FALSE,0,,,,,,,,,,,,,,,,,,,,,,,,,,,,,,,,,,,,,,
S0217,N0007,15-Mar,FALSE,0,,,,,,,,,,,,,,,,,,,,,,,,,,,,,,,,,,,,,,
S0218,N0008,15-Mar,FALSE,0,,,,,,,,,,,,,,,,,,,,,,,,,,,,,,,,,,,,,,
S0219,N0009,15-Mar,FALSE,0,,,,,,,,,,,,,,,,,,,,,,,,,,,,,,,,,,,,,,
S0220,N0010,15-Mar,FALSE,0,,,,,,,,,,,,,,,,,,,,,,,,,,,,,,,,,,,,,,
S0221,N0011,15-Mar,FALSE,0,,,,,,,,,,,,,,,,,,,,,,,,,,,,,,,,,,,,,,
S0222,N0012,15-Mar,FALSE,0,,,,,,,,,,,,,,,,,,,,,,,,,,,,,,,,,,,,,,
S0223,N0013,15-Mar,FALSE,0,,,,,,,,,,,,,,,,,,,,,,,,,,,,,,,,,,,,,,
S0224,N0014,15-Mar,FALSE,0,,,,,,,,,,,,,,,,,,,,,,,,,,,,,,,,,,,,,,
S0225,N0015,15-Mar,FALSE,0,,,,,,,,,,,,,,,,,,,,,,,,,,,,,,,,,,,,,,
S0226,N0001,16-Mar,TRUE,12,,,,,,,,,,,,,,,,,,,,,,,,,,,,,,,,,,,,,,
S0227,N0002,16-Mar,TRUE,12,,,,,,,,,,,,,,,,,,,,,,,,,,,,,,,,,,,,,,
S0228,N0003,16-Mar,TRUE,12,,,,,,,,,,,,,,,,,,,,,,,,,,,,,,,,,,,,,,
S0229,N0004,16-Mar,FALSE,0,,,,,,,,,,,,,,,,,,,,,,,,,,,,,,,,,,,,,,
S0230,N0005,16-Mar,FALSE,0,,,,,,,,,,,,,,,,,,,,,,,,,,,,,,,,,,,,,,
S0231,N0006,16-Mar,TRUE,0,,,,,,,,,,,,,,,,,,,,,,,,,,,,,,,,,,,,,,
S0232,N0007,16-Mar,FALSE,0,,,,,,,,,,,,,,,,,,,,,,,,,,,,,,,,,,,,,,
S0233,N0008,16-Mar,FALSE,0,,,,,,,,,,,,,,,,,,,,,,,,,,,,,,,,,,,,,,
S0234,N0009,16-Mar,FALSE,0,,,,,,,,,,,,,,,,,,,,,,,,,,,,,,,,,,,,,,
S0235,N0010,16-Mar,FALSE,0,,,,,,,,,,,,,,,,,,,,,,,,,,,,,,,,,,,,,,
S0236,N0011,16-Mar,FALSE,0,,,,,,,,,,,,,,,,,,,,,,,,,,,,,,,,,,,,,,
S0237,N0012,16-Mar,TRUE,12,,,,,,,,,,,,,,,,,,,,,,,,,,,,,,,,,,,,,,
S0238,N0013,16-Mar,TRUE,12,,,,,,,,,,,,,,,,,,,,,,,,,,,,,,,,,,,,,,
S0239,N0014,16-Mar,FALSE,0,,,,,,,,,,,,,,,,,,,,,,,,,,,,,,,,,,,,,,
S0240,N0015,16-Mar,TRUE,12,,,,,,,,,,,,,,,,,,,,,,,,,,,,,,,,,,,,,,
S0241,N0001,17-Mar,TRUE,12,,,,,,,,,,,,,,,,,,,,,,,,,,,,,,,,,,,,,,
S0242,N0002,17-Mar,FALSE,0,,,,,,,,,,,,,,,,,,,,,,,,,,,,,,,,,,,,,,
S0243,N0003,17-Mar,FALSE,0,,,,,,,,,,,,,,,,,,,,,,,,,,,,,,,,,,,,,,
S0244,N0004,17-Mar,FALSE,0,,,,,,,,,,,,,,,,,,,,,,,,,,,,,,,,,,,,,,
S0245,N0005,17-Mar,FALSE,0,,,,,,,,,,,,,,,,,,,,,,,,,,,,,,,,,,,,,,
S0246,N0006,17-Mar,TRUE,12,,,,,,,,,,,,,,,,,,,,,,,,,,,,,,,,,,,,,,
S0247,N0007,17-Mar,FALSE,0,,,,,,,,,,,,,,,,,,,,,,,,,,,,,,,,,,,,,,
S0248,N0008,17-Mar,FALSE,0,,,,,,,,,,,,,,,,,,,,,,,,,,,,,,,,,,,,,,
S0249,N0009,17-Mar,TRUE,12,,,,,,,,,,,,,,,,,,,,,,,,,,,,,,,,,,,,,,
S0250,N0010,17-Mar,FALSE,0,,,,,,,,,,,,,,,,,,,,,,,,,,,,,,,,,,,,,,
S0251,N0011,17-Mar,FALSE,0,,,,,,,,,,,,,,,,,,,,,,,,,,,,,,,,,,,,,,
S0252,N0012,17-Mar,TRUE,0,,,,,,,,,,,,,,,,,,,,,,,,,,,,,,,,,,,,,,
S0253,N0013,17-Mar,TRUE,0,,,,,,,,,,,,,,,,,,,,,,,,,,,,,,,,,,,,,,
S0254,N0014,17-Mar,FALSE,0,,,,,,,,,,,,,,,,,,,,,,,,,,,,,,,,,,,,,,
S0255,N0015,17-Mar,FALSE,0,,,,,,,,,,,,,,,,,,,,,,,,,,,,,,,,,,,,,,
S0256,N0001,18-Mar,FALSE,0,,,,,,,,,,,,,,,,,,,,,,,,,,,,,,,,,,,,,,
S0257,N0002,18-Mar,TRUE,12,,,,,,,,,,,,,,,,,,,,,,,,,,,,,,,,,,,,,,
S0258,N0003,18-Mar,FALSE,0,,,,,,,,,,,,,,,,,,,,,,,,,,,,,,,,,,,,,,
S0259,N0004,18-Mar,TRUE,12,,,,,,,,,,,,,,,,,,,,,,,,,,,,,,,,,,,,,,
S0260,N0005,18-Mar,FALSE,0,,,,,,,,,,,,,,,,,,,,,,,,,,,,,,,,,,,,,,
S0261,N0006,18-Mar,FALSE,0,,,,,,,,,,,,,,,,,,,,,,,,,,,,,,,,,,,,,,
S0262,N0007,18-Mar,FALSE,0,,,,,,,,,,,,,,,,,,,,,,,,,,,,,,,,,,,,,,
S0263,N0008,18-Mar,TRUE,12,,,,,,,,,,,,,,,,,,,,,,,,,,,,,,,,,,,,,,
S0264,N0009,18-Mar,FALSE,0,,,,,,,,,,,,,,,,,,,,,,,,,,,,,,,,,,,,,,
S0265,N0010,18-Mar,FALSE,0,,,,,,,,,,,,,,,,,,,,,,,,,,,,,,,,,,,,,,
S0266,N0011,18-Mar,FALSE,0,,,,,,,,,,,,,,,,,,,,,,,,,,,,,,,,,,,,,,
S0267,N0012,18-Mar,TRUE,8,,,,,,,,,,,,,,,,,,,,,,,,,,,,,,,,,,,,,,
S0268,N0013,18-Mar,FALSE,0,,,,,,,,,,,,,,,,,,,,,,,,,,,,,,,,,,,,,,
S0269,N0014,18-Mar,FALSE,0,,,,,,,,,,,,,,,,,,,,,,,,,,,,,,,,,,,,,,
S0270,N0015,18-Mar,FALSE,0,,,,,,,,,,,,,,,,,,,,,,,,,,,,,,,,,,,,,,
S0271,N0001,19-Mar,FALSE,0,,,,,,,,,,,,,,,,,,,,,,,,,,,,,,,,,,,,,,
S0272,N0002,19-Mar,FALSE,0,,,,,,,,,,,,,,,,,,,,,,,,,,,,,,,,,,,,,,
S0273,N0003,19-Mar,TRUE,12,,,,,,,,,,,,,,,,,,,,,,,,,,,,,,,,,,,,,,
S0274,N0004,19-Mar,TRUE,12,,,,,,,,,,,,,,,,,,,,,,,,,,,,,,,,,,,,,,
S0275,N0005,19-Mar,FALSE,0,,,,,,,,,,,,,,,,,,,,,,,,,,,,,,,,,,,,,,
S0276,N0006,19-Mar,FALSE,0,,,,,,,,,,,,,,,,,,,,,,,,,,,,,,,,,,,,,,
S0277,N0007,19-Mar,FALSE,0,,,,,,,,,,,,,,,,,,,,,,,,,,,,,,,,,,,,,,
S0278,N0008,19-Mar,TRUE,12,,,,,,,,,,,,,,,,,,,,,,,,,,,,,,,,,,,,,,
S0279,N0009,19-Mar,FALSE,0,,,,,,,,,,,,,,,,,,,,,,,,,,,,,,,,,,,,,,
S0280,N0010,19-Mar,FALSE,0,,,,,,,,,,,,,,,,,,,,,,,,,,,,,,,,,,,,,,
S0281,N0011,19-Mar,FALSE,0,,,,,,,,,,,,,,,,,,,,,,,,,,,,,,,,,,,,,,
S0282,N0012,19-Mar,TRUE,0,,,,,,,,,,,,,,,,,,,,,,,,,,,,,,,,,,,,,,
S0283,N0013,19-Mar,FALSE,0,,,,,,,,,,,,,,,,,,,,,,,,,,,,,,,,,,,,,,
S0284,N0014,19-Mar,FALSE,0,,,,,,,,,,,,,,,,,,,,,,,,,,,,,,,,,,,,,,
S0285,N0015,19-Mar,FALSE,0,,,,,,,,,,,,,,,,,,,,,,,,,,,,,,,,,,,,,,
S0286,N0001,20-Mar,FALSE,0,,,,,,,,,,,,,,,,,,,,,,,,,,,,,,,,,,,,,,
S0287,N0002,20-Mar,FALSE,0,,,,,,,,,,,,,,,,,,,,,,,,,,,,,,,,,,,,,,
S0288,N0003,20-Mar,FALSE,0,,,,,,,,,,,,,,,,,,,,,,,,,,,,,,,,,,,,,,
S0289,N0004,20-Mar,FALSE,0,,,,,,,,,,,,,,,,,,,,,,,,,,,,,,,,,,,,,,
S0290,N0005,20-Mar,FALSE,0,,,,,,,,,,,,,,,,,,,,,,,,,,,,,,,,,,,,,,
S0291,N0006,20-Mar,FALSE,0,,,,,,,,,,,,,,,,,,,,,,,,,,,,,,,,,,,,,,
S0292,N0007,20-Mar,FALSE,0,,,,,,,,,,,,,,,,,,,,,,,,,,,,,,,,,,,,,,
S0293,N0008,20-Mar,TRUE,12,,,,,,,,,,,,,,,,,,,,,,,,,,,,,,,,,,,,,,
S0294,N0009,20-Mar,FALSE,0,,,,,,,,,,,,,,,,,,,,,,,,,,,,,,,,,,,,,,
S0295,N0010,20-Mar,TRUE,12,,,,,,,,,,,,,,,,,,,,,,,,,,,,,,,,,,,,,,
S0296,N0011,20-Mar,TRUE,0,,,,,,,,,,,,,,,,,,,,,,,,,,,,,,,,,,,,,,
S0297,N0012,20-Mar,FALSE,0,,,,,,,,,,,,,,,,,,,,,,,,,,,,,,,,,,,,,,
S0298,N0013,20-Mar,FALSE,0,,,,,,,,,,,,,,,,,,,,,,,,,,,,,,,,,,,,,,
S0299,N0014,20-Mar,FALSE,0,,,,,,,,,,,,,,,,,,,,,,,,,,,,,,,,,,,,,,
S0300,N0015,20-Mar,TRUE,12,,,,,,,,,,,,,,,,,,,,,,,,,,,,,,,,,,,,,,
S0301,N0001,21-Mar,FALSE,0,,,,,,,,,,,,,,,,,,,,,,,,,,,,,,,,,,,,,,
S0302,N0002,21-Mar,FALSE,0,,,,,,,,,,,,,,,,,,,,,,,,,,,,,,,,,,,,,,
S0303,N0003,21-Mar,FALSE,0,,,,,,,,,,,,,,,,,,,,,,,,,,,,,,,,,,,,,,
S0304,N0004,21-Mar,FALSE,0,,,,,,,,,,,,,,,,,,,,,,,,,,,,,,,,,,,,,,
S0305,N0005,21-Mar,FALSE,0,,,,,,,,,,,,,,,,,,,,,,,,,,,,,,,,,,,,,,
S0306,N0006,21-Mar,TRUE,12,,,,,,,,,,,,,,,,,,,,,,,,,,,,,,,,,,,,,,
S0307,N0007,21-Mar,TRUE,12,,,,,,,,,,,,,,,,,,,,,,,,,,,,,,,,,,,,,,
S0308,N0008,21-Mar,FALSE,0,,,,,,,,,,,,,,,,,,,,,,,,,,,,,,,,,,,,,,
S0309,N0009,21-Mar,FALSE,0,,,,,,,,,,,,,,,,,,,,,,,,,,,,,,,,,,,,,,
S0310,N0010,21-Mar,FALSE,0,,,,,,,,,,,,,,,,,,,,,,,,,,,,,,,,,,,,,,
S0311,N0011,21-Mar,TRUE,0,,,,,,,,,,,,,,,,,,,,,,,,,,,,,,,,,,,,,,
S0312,N0012,21-Mar,TRUE,12,,,,,,,,,,,,,,,,,,,,,,,,,,,,,,,,,,,,,,
S0313,N0013,21-Mar,FALSE,0,,,,,,,,,,,,,,,,,,,,,,,,,,,,,,,,,,,,,,
S0314,N0014,21-Mar,FALSE,0,,,,,,,,,,,,,,,,,,,,,,,,,,,,,,,,,,,,,,
S0315,N0015,21-Mar,TRUE,12,,,,,,,,,,,,,,,,,,,,,,,,,,,,,,,,,,,,,,
S0316,N0001,22-Mar,TRUE,0,,,,,,,,,,,,,,,,,,,,,,,,,,,,,,,,,,,,,,
S0317,N0002,22-Mar,TRUE,6,,,,,,,,,,,,,,,,,,,,,,,,,,,,,,,,,,,,,,
S0318,N0003,22-Mar,TRUE,12,,,,,,,,,,,,,,,,,,,,,,,,,,,,,,,,,,,,,,
S0319,N0004,22-Mar,FALSE,0,,,,,,,,,,,,,,,,,,,,,,,,,,,,,,,,,,,,,,
S0320,N0005,22-Mar,FALSE,0,,,,,,,,,,,,,,,,,,,,,,,,,,,,,,,,,,,,,,
S0321,N0006,22-Mar,TRUE,6,,,,,,,,,,,,,,,,,,,,,,,,,,,,,,,,,,,,,,
S0322,N0007,22-Mar,FALSE,0,,,,,,,,,,,,,,,,,,,,,,,,,,,,,,,,,,,,,,
S0323,N0008,22-Mar,TRUE,4,,,,,,,,,,,,,,,,,,,,,,,,,,,,,,,,,,,,,,
S0324,N0009,22-Mar,FALSE,0,,,,,,,,,,,,,,,,,,,,,,,,,,,,,,,,,,,,,,
S0325,N0010,22-Mar,FALSE,0,,,,,,,,,,,,,,,,,,,,,,,,,,,,,,,,,,,,,,
S0326,N0011,22-Mar,FALSE,0,,,,,,,,,,,,,,,,,,,,,,,,,,,,,,,,,,,,,,
S0327,N0012,22-Mar,FALSE,0,,,,,,,,,,,,,,,,,,,,,,,,,,,,,,,,,,,,,,
S0328,N0013,22-Mar,TRUE,12,,,,,,,,,,,,,,,,,,,,,,,,,,,,,,,,,,,,,,
S0329,N0014,22-Mar,FALSE,0,,,,,,,,,,,,,,,,,,,,,,,,,,,,,,,,,,,,,,
S0330,N0015,22-Mar,FALSE,0,,,,,,,,,,,,,,,,,,,,,,,,,,,,,,,,,,,,,,
S0331,N0001,23-Mar,TRUE,12,,,,,,,,,,,,,,,,,,,,,,,,,,,,,,,,,,,,,,
S0332,N0002,23-Mar,TRUE,12,,,,,,,,,,,,,,,,,,,,,,,,,,,,,,,,,,,,,,
S0333,N0003,23-Mar,TRUE,0,,,,,,,,,,,,,,,,,,,,,,,,,,,,,,,,,,,,,,
S0334,N0004,23-Mar,TRUE,0,,,,,,,,,,,,,,,,,,,,,,,,,,,,,,,,,,,,,,
S0335,N0005,23-Mar,FALSE,0,,,,,,,,,,,,,,,,,,,,,,,,,,,,,,,,,,,,,,
S0336,N0006,23-Mar,TRUE,12,,,,,,,,,,,,,,,,,,,,,,,,,,,,,,,,,,,,,,
S0337,N0007,23-Mar,FALSE,0,,,,,,,,,,,,,,,,,,,,,,,,,,,,,,,,,,,,,,
S0338,N0008,23-Mar,FALSE,0,,,,,,,,,,,,,,,,,,,,,,,,,,,,,,,,,,,,,,
S0339,N0009,23-Mar,FALSE,0,,,,,,,,,,,,,,,,,,,,,,,,,,,,,,,,,,,,,,
S0340,N0010,23-Mar,FALSE,0,,,,,,,,,,,,,,,,,,,,,,,,,,,,,,,,,,,,,,
S0341,N0011,23-Mar,FALSE,0,,,,,,,,,,,,,,,,,,,,,,,,,,,,,,,,,,,,,,
S0342,N0012,23-Mar,TRUE,0,,,,,,,,,,,,,,,,,,,,,,,,,,,,,,,,,,,,,,
S0343,N0013,23-Mar,FALSE,0,,,,,,,,,,,,,,,,,,,,,,,,,,,,,,,,,,,,,,
S0344,N0014,23-Mar,FALSE,0,,,,,,,,,,,,,,,,,,,,,,,,,,,,,,,,,,,,,,
S0345,N0015,23-Mar,FALSE,0,,,,,,,,,,,,,,,,,,,,,,,,,,,,,,,,,,,,,,
S0346,N0001,24-Mar,FALSE,0,,,,,,,,,,,,,,,,,,,,,,,,,,,,,,,,,,,,,,
S0347,N0002,24-Mar,FALSE,0,,,,,,,,,,,,,,,,,,,,,,,,,,,,,,,,,,,,,,
S0348,N0003,24-Mar,FALSE,0,,,,,,,,,,,,,,,,,,,,,,,,,,,,,,,,,,,,,,
S0349,N0004,24-Mar,TRUE,12,,,,,,,,,,,,,,,,,,,,,,,,,,,,,,,,,,,,,,
S0350,N0005,24-Mar,FALSE,0,,,,,,,,,,,,,,,,,,,,,,,,,,,,,,,,,,,,,,
S0351,N0006,24-Mar,FALSE,0,,,,,,,,,,,,,,,,,,,,,,,,,,,,,,,,,,,,,,
S0352,N0007,24-Mar,FALSE,0,,,,,,,,,,,,,,,,,,,,,,,,,,,,,,,,,,,,,,
S0353,N0008,24-Mar,FALSE,0,,,,,,,,,,,,,,,,,,,,,,,,,,,,,,,,,,,,,,
S0354,N0009,24-Mar,FALSE,0,,,,,,,,,,,,,,,,,,,,,,,,,,,,,,,,,,,,,,
S0355,N0010,24-Mar,TRUE,12,,,,,,,,,,,,,,,,,,,,,,,,,,,,,,,,,,,,,,
S0356,N0011,24-Mar,TRUE,8,,,,,,,,,,,,,,,,,,,,,,,,,,,,,,,,,,,,,,
S0357,N0012,24-Mar,FALSE,0,,,,,,,,,,,,,,,,,,,,,,,,,,,,,,,,,,,,,,
S0358,N0013,24-Mar,TRUE,4,,,,,,,,,,,,,,,,,,,,,,,,,,,,,,,,,,,,,,
S0359,N0014,24-Mar,FALSE,0,,,,,,,,,,,,,,,,,,,,,,,,,,,,,,,,,,,,,,
S0360,N0015,24-Mar,TRUE,0,,,,,,,,,,,,,,,,,,,,,,,,,,,,,,,,,,,,,,
S0361,N0001,25-Mar,TRUE,12,,,,,,,,,,,,,,,,,,,,,,,,,,,,,,,,,,,,,,
S0362,N0002,25-Mar,FALSE,0,,,,,,,,,,,,,,,,,,,,,,,,,,,,,,,,,,,,,,
S0363,N0003,25-Mar,FALSE,0,,,,,,,,,,,,,,,,,,,,,,,,,,,,,,,,,,,,,,
S0364,N0004,25-Mar,FALSE,0,,,,,,,,,,,,,,,,,,,,,,,,,,,,,,,,,,,,,,
S0365,N0005,25-Mar,FALSE,0,,,,,,,,,,,,,,,,,,,,,,,,,,,,,,,,,,,,,,
S0366,N0006,25-Mar,FALSE,0,,,,,,,,,,,,,,,,,,,,,,,,,,,,,,,,,,,,,,
S0367,N0007,25-Mar,FALSE,0,,,,,,,,,,,,,,,,,,,,,,,,,,,,,,,,,,,,,,
S0368,N0008,25-Mar,TRUE,12,,,,,,,,,,,,,,,,,,,,,,,,,,,,,,,,,,,,,,
S0369,N0009,25-Mar,FALSE,0,,,,,,,,,,,,,,,,,,,,,,,,,,,,,,,,,,,,,,
S0370,N0010,25-Mar,TRUE,12,,,,,,,,,,,,,,,,,,,,,,,,,,,,,,,,,,,,,,
S0371,N0011,25-Mar,TRUE,6,,,,,,,,,,,,,,,,,,,,,,,,,,,,,,,,,,,,,,
S0372,N0012,25-Mar,TRUE,0,,,,,,,,,,,,,,,,,,,,,,,,,,,,,,,,,,,,,,
S0373,N0013,25-Mar,FALSE,0,,,,,,,,,,,,,,,,,,,,,,,,,,,,,,,,,,,,,,
S0374,N0014,25-Mar,FALSE,0,,,,,,,,,,,,,,,,,,,,,,,,,,,,,,,,,,,,,,
S0375,N0015,25-Mar,FALSE,0,,,,,,,,,,,,,,,,,,,,,,,,,,,,,,,,,,,,,,
S0376,N0001,26-Mar,FALSE,0,,,,,,,,,,,,,,,,,,,,,,,,,,,,,,,,,,,,,,
S0377,N0002,26-Mar,TRUE,0,,,,,,,,,,,,,,,,,,,,,,,,,,,,,,,,,,,,,,
S0378,N0003,26-Mar,FALSE,0,,,,,,,,,,,,,,,,,,,,,,,,,,,,,,,,,,,,,,
S0379,N0004,26-Mar,TRUE,12,,,,,,,,,,,,,,,,,,,,,,,,,,,,,,,,,,,,,,
S0380,N0005,26-Mar,FALSE,0,,,,,,,,,,,,,,,,,,,,,,,,,,,,,,,,,,,,,,
S0381,N0006,26-Mar,FALSE,0,,,,,,,,,,,,,,,,,,,,,,,,,,,,,,,,,,,,,,
S0382,N0007,26-Mar,FALSE,0,,,,,,,,,,,,,,,,,,,,,,,,,,,,,,,,,,,,,,
S0383,N0008,26-Mar,TRUE,12,,,,,,,,,,,,,,,,,,,,,,,,,,,,,,,,,,,,,,
S0384,N0009,26-Mar,FALSE,0,,,,,,,,,,,,,,,,,,,,,,,,,,,,,,,,,,,,,,
S0385,N0010,26-Mar,FALSE,0,,,,,,,,,,,,,,,,,,,,,,,,,,,,,,,,,,,,,,
S0386,N0011,26-Mar,FALSE,0,,,,,,,,,,,,,,,,,,,,,,,,,,,,,,,,,,,,,,
S0387,N0012,26-Mar,TRUE,12,,,,,,,,,,,,,,,,,,,,,,,,,,,,,,,,,,,,,,
S0388,N0013,26-Mar,TRUE,12,,,,,,,,,,,,,,,,,,,,,,,,,,,,,,,,,,,,,,
S0389,N0014,26-Mar,FALSE,0,,,,,,,,,,,,,,,,,,,,,,,,,,,,,,,,,,,,,,
S0390,N0015,26-Mar,TRUE,0,,,,,,,,,,,,,,,,,,,,,,,,,,,,,,,,,,,,,,
S0391,N0001,27-Mar,FALSE,0,,,,,,,,,,,,,,,,,,,,,,,,,,,,,,,,,,,,,,
S0392,N0002,27-Mar,FALSE,0,,,,,,,,,,,,,,,,,,,,,,,,,,,,,,,,,,,,,,
S0393,N0003,27-Mar,TRUE,0,,,,,,,,,,,,,,,,,,,,,,,,,,,,,,,,,,,,,,
S0394,N0004,27-Mar,FALSE,0,,,,,,,,,,,,,,,,,,,,,,,,,,,,,,,,,,,,,,
S0395,N0005,27-Mar,TRUE,12,,,,,,,,,,,,,,,,,,,,,,,,,,,,,,,,,,,,,,
S0396,N0006,27-Mar,FALSE,0,,,,,,,,,,,,,,,,,,,,,,,,,,,,,,,,,,,,,,
S0397,N0007,27-Mar,FALSE,0,,,,,,,,,,,,,,,,,,,,,,,,,,,,,,,,,,,,,,
S0398,N0008,27-Mar,FALSE,0,,,,,,,,,,,,,,,,,,,,,,,,,,,,,,,,,,,,,,
S0399,N0009,27-Mar,FALSE,0,,,,,,,,,,,,,,,,,,,,,,,,,,,,,,,,,,,,,,
S0400,N0010,27-Mar,FALSE,0,,,,,,,,,,,,,,,,,,,,,,,,,,,,,,,,,,,,,,
S0401,N0011,27-Mar,TRUE,12,,,,,,,,,,,,,,,,,,,,,,,,,,,,,,,,,,,,,,
S0402,N0012,27-Mar,FALSE,0,,,,,,,,,,,,,,,,,,,,,,,,,,,,,,,,,,,,,,
S0403,N0013,27-Mar,TRUE,12,,,,,,,,,,,,,,,,,,,,,,,,,,,,,,,,,,,,,,
S0404,N0014,27-Mar,FALSE,0,,,,,,,,,,,,,,,,,,,,,,,,,,,,,,,,,,,,,,
S0405,N0015,27-Mar,TRUE,0,,,,,,,,,,,,,,,,,,,,,,,,,,,,,,,,,,,,,,
S0406,N0001,28-Mar,FALSE,0,,,,,,,,,,,,,,,,,,,,,,,,,,,,,,,,,,,,,,
S0407,N0002,28-Mar,FALSE,0,,,,,,,,,,,,,,,,,,,,,,,,,,,,,,,,,,,,,,
S0408,N0003,28-Mar,FALSE,0,,,,,,,,,,,,,,,,,,,,,,,,,,,,,,,,,,,,,,
S0409,N0004,28-Mar,FALSE,0,,,,,,,,,,,,,,,,,,,,,,,,,,,,,,,,,,,,,,
S0410,N0005,28-Mar,FALSE,0,,,,,,,,,,,,,,,,,,,,,,,,,,,,,,,,,,,,,,
S0411,N0006,28-Mar,TRUE,0,,,,,,,,,,,,,,,,,,,,,,,,,,,,,,,,,,,,,,
S0412,N0007,28-Mar,FALSE,0,,,,,,,,,,,,,,,,,,,,,,,,,,,,,,,,,,,,,,
S0413,N0008,28-Mar,FALSE,0,,,,,,,,,,,,,,,,,,,,,,,,,,,,,,,,,,,,,,
S0414,N0009,28-Mar,FALSE,0,,,,,,,,,,,,,,,,,,,,,,,,,,,,,,,,,,,,,,
S0415,N0010,28-Mar,TRUE,12,,,,,,,,,,,,,,,,,,,,,,,,,,,,,,,,,,,,,,
S0416,N0011,28-Mar,TRUE,8,,,,,,,,,,,,,,,,,,,,,,,,,,,,,,,,,,,,,,
S0417,N0012,28-Mar,TRUE,12,,,,,,,,,,,,,,,,,,,,,,,,,,,,,,,,,,,,,,
S0418,N0013,28-Mar,FALSE,0,,,,,,,,,,,,,,,,,,,,,,,,,,,,,,,,,,,,,,
S0419,N0014,28-Mar,TRUE,12,,,,,,,,,,,,,,,,,,,,,,,,,,,,,,,,,,,,,,
S0420,N0015,28-Mar,FALSE,0,,,,,,,,,,,,,,,,,,,,,,,,,,,,,,,,,,,,,,
